{"cameraMode":{"drawMode":0,"name":"Shaded","section":"Shading Mode"},"sceneLighting":false,"audioPlay":false,"sceneViewState":{"showFog":true,"showMaterialUpdate":false,"showSkybox":true,"showFlares":true,"showImageEffects":true,"showParticleSystems":true},"in2DMode":false,"pivot":{"x":109.52904510498047,"y":483.70819091796877,"z":-471.2162170410156},"rotation":{"x":0.21001949906349183,"y":0.22691626846790315,"z":-0.050194647163152698,"w":0.9496743679046631},"size":18.527753829956056,"orthographic":false}