{"cameraMode":{"drawMode":0,"name":"Shaded","section":"Shading Mode"},"sceneLighting":false,"audioPlay":false,"sceneViewState":{"showFog":true,"showMaterialUpdate":false,"showSkybox":true,"showFlares":true,"showImageEffects":true,"showParticleSystems":true},"in2DMode":false,"pivot":{"x":-9.052480697631836,"y":7.732064723968506,"z":0.22584590315818788},"rotation":{"x":0.16324740648269654,"y":0.6785519123077393,"z":-0.15862679481506349,"w":0.6983946561813355},"size":9.660941123962403,"orthographic":false}