{"cameraMode":{"drawMode":0,"name":"Shaded","section":"Shading Mode"},"sceneLighting":false,"audioPlay":false,"sceneViewState":{"showFog":true,"showMaterialUpdate":false,"showSkybox":true,"showFlares":true,"showImageEffects":true,"showParticleSystems":true},"in2DMode":false,"pivot":{"x":18.107440948486329,"y":16.58568572998047,"z":-18.250173568725587},"rotation":{"x":-0.2838420271873474,"y":0.21530726552009583,"z":-0.06555747240781784,"w":-0.932083010673523},"size":2.3082947731018068,"orthographic":false}