{"cameraMode":{"drawMode":0,"name":"Shaded","section":"Shading Mode"},"sceneLighting":true,"audioPlay":false,"sceneViewState":{"showFog":true,"showMaterialUpdate":false,"showSkybox":true,"showFlares":true,"showImageEffects":true,"showParticleSystems":true},"in2DMode":false,"pivot":{"x":513.94873046875,"y":369.68670654296877,"z":-353.96759033203127},"rotation":{"x":-0.11852288246154785,"y":0.01548314094543457,"z":-0.0018491100054234267,"w":-0.992828905582428},"size":233.34524536132813,"orthographic":false}